model,model_type,mean_R2,mean_MAE,max_MAE
aero_mlp_original12_common_qkhead_300k_hard40k,common,0.9949190119902293,0.06508407907798149,0.34107354283332825
aero_mlp_original12_duck_qkhead_300k_hard40k,duck,0.994789053996404,0.05421576960179664,0.27477124333381653
aero_mlp_original12_normal_qkhead_300k_hard40k,normal,0.9956045945485433,0.06576316211067024,0.35590285062789917
